{
  "dataset_revision": null,
  "mteb_dataset_name": "CQADupstackEnglishRetrieval",
  "mteb_version": "1.1.0",
  "test": {
    "evaluation_time": 84.82,
    "map_at_1": 0.22192,
    "map_at_10": 0.30731,
    "map_at_100": 0.3185,
    "map_at_1000": 0.32,
    "map_at_3": 0.28014,
    "map_at_5": 0.29502,
    "mrr_at_1": 0.2879,
    "mrr_at_10": 0.36341,
    "mrr_at_100": 0.37071,
    "mrr_at_1000": 0.37132,
    "mrr_at_3": 0.33992,
    "mrr_at_5": 0.35307,
    "ndcg_at_1": 0.2879,
    "ndcg_at_10": 0.36053,
    "ndcg_at_100": 0.40568,
    "ndcg_at_1000": 0.43331,
    "ndcg_at_3": 0.31885,
    "ndcg_at_5": 0.33725,
    "precision_at_1": 0.2879,
    "precision_at_10": 0.07121,
    "precision_at_100": 0.01209,
    "precision_at_1000": 0.00175,
    "precision_at_3": 0.1586,
    "precision_at_5": 0.11414,
    "recall_at_1": 0.22192,
    "recall_at_10": 0.45747,
    "recall_at_100": 0.65601,
    "recall_at_1000": 0.84066,
    "recall_at_3": 0.33337,
    "recall_at_5": 0.38503
  }
}