{
  "dataset_revision": null,
  "mteb_dataset_name": "DBPedia",
  "mteb_version": "1.1.0",
  "test": {
    "evaluation_time": 5559.61,
    "map_at_1": 0.0322,
    "map_at_10": 0.05657,
    "map_at_100": 0.07028,
    "map_at_1000": 0.07487,
    "map_at_3": 0.04495,
    "map_at_5": 0.05014,
    "mrr_at_1": 0.2225,
    "mrr_at_10": 0.29864,
    "mrr_at_100": 0.30802,
    "mrr_at_1000": 0.30869,
    "mrr_at_3": 0.27667,
    "mrr_at_5": 0.28692,
    "ndcg_at_1": 0.155,
    "ndcg_at_10": 0.12173,
    "ndcg_at_100": 0.14667,
    "ndcg_at_1000": 0.20009,
    "ndcg_at_3": 0.13238,
    "ndcg_at_5": 0.12495,
    "precision_at_1": 0.2225,
    "precision_at_10": 0.094,
    "precision_at_100": 0.02902,
    "precision_at_1000": 0.00799,
    "precision_at_3": 0.15083,
    "precision_at_5": 0.122,
    "recall_at_1": 0.0322,
    "recall_at_10": 0.08973,
    "recall_at_100": 0.20243,
    "recall_at_1000": 0.38692,
    "recall_at_3": 0.05487,
    "recall_at_5": 0.06754
  }
}