{
  "dataset_revision": null,
  "mteb_dataset_name": "MSMARCO",
  "mteb_version": "1.1.0",
  "test": {
    "evaluation_time": 11222.16,
    "map_at_1": 0.01337,
    "map_at_10": 0.07613,
    "map_at_100": 0.19206,
    "map_at_1000": 0.23525,
    "map_at_3": 0.03519,
    "map_at_5": 0.05113,
    "mrr_at_1": 0.65116,
    "mrr_at_10": 0.72522,
    "mrr_at_100": 0.72829,
    "mrr_at_1000": 0.72843,
    "mrr_at_3": 0.71318,
    "mrr_at_5": 0.71899,
    "ndcg_at_1": 0.44961,
    "ndcg_at_10": 0.41365,
    "ndcg_at_100": 0.38649,
    "ndcg_at_1000": 0.4688,
    "ndcg_at_3": 0.43974,
    "ndcg_at_5": 0.43339,
    "precision_at_1": 0.65116,
    "precision_at_10": 0.5,
    "precision_at_100": 0.23628,
    "precision_at_1000": 0.049,
    "precision_at_3": 0.62016,
    "precision_at_5": 0.57674,
    "recall_at_1": 0.01337,
    "recall_at_10": 0.08847,
    "recall_at_100": 0.3163,
    "recall_at_1000": 0.56307,
    "recall_at_3": 0.03795,
    "recall_at_5": 0.05619
  }
}