{
  "dataset_revision": null,
  "mteb_dataset_name": "QuoraRetrieval",
  "mteb_version": "1.1.0",
  "test": {
    "evaluation_time": 270.64,
    "map_at_1": 0.64629,
    "map_at_10": 0.78092,
    "map_at_100": 0.78865,
    "map_at_1000": 0.78891,
    "map_at_3": 0.75049,
    "map_at_5": 0.76894,
    "mrr_at_1": 0.7463,
    "mrr_at_10": 0.81786,
    "mrr_at_100": 0.8201,
    "mrr_at_1000": 0.82014,
    "mrr_at_3": 0.80498,
    "mrr_at_5": 0.81348,
    "ndcg_at_1": 0.7463,
    "ndcg_at_10": 0.82551,
    "ndcg_at_100": 0.84473,
    "ndcg_at_1000": 0.84726,
    "ndcg_at_3": 0.79113,
    "ndcg_at_5": 0.80907,
    "precision_at_1": 0.7463,
    "precision_at_10": 0.12663,
    "precision_at_100": 0.01495,
    "precision_at_1000": 0.00156,
    "precision_at_3": 0.3463,
    "precision_at_5": 0.22918,
    "recall_at_1": 0.64629,
    "recall_at_10": 0.91261,
    "recall_at_100": 0.98361,
    "recall_at_1000": 0.99759,
    "recall_at_3": 0.81483,
    "recall_at_5": 0.86452
  }
}