{
  "dataset_revision": null,
  "mteb_dataset_name": "CQADupstackEnglishRetrieval",
  "mteb_version": "1.1.0",
  "test": {
    "evaluation_time": 85.52,
    "map_at_1": 0.20726,
    "map_at_10": 0.29209,
    "map_at_100": 0.30517,
    "map_at_1000": 0.30679,
    "map_at_3": 0.26578,
    "map_at_5": 0.28167,
    "mrr_at_1": 0.26752,
    "mrr_at_10": 0.34664,
    "mrr_at_100": 0.35514,
    "mrr_at_1000": 0.35578,
    "mrr_at_3": 0.32389,
    "mrr_at_5": 0.33768,
    "ndcg_at_1": 0.26752,
    "ndcg_at_10": 0.34392,
    "ndcg_at_100": 0.39683,
    "ndcg_at_1000": 0.42532,
    "ndcg_at_3": 0.30501,
    "ndcg_at_5": 0.32479,
    "precision_at_1": 0.26752,
    "precision_at_10": 0.06764,
    "precision_at_100": 0.01244,
    "precision_at_1000": 0.00183,
    "precision_at_3": 0.15244,
    "precision_at_5": 0.11121,
    "recall_at_1": 0.20726,
    "recall_at_10": 0.43805,
    "recall_at_100": 0.66869,
    "recall_at_1000": 0.85491,
    "recall_at_3": 0.32225,
    "recall_at_5": 0.37758
  }
}