{
  "dataset_revision": null,
  "mteb_dataset_name": "DBPedia",
  "mteb_version": "1.1.0",
  "test": {
    "evaluation_time": 5559.63,
    "map_at_1": 0.01524,
    "map_at_10": 0.02684,
    "map_at_100": 0.03588,
    "map_at_1000": 0.03904,
    "map_at_3": 0.02203,
    "map_at_5": 0.02415,
    "mrr_at_1": 0.11,
    "mrr_at_10": 0.17217,
    "mrr_at_100": 0.18312,
    "mrr_at_1000": 0.18405,
    "mrr_at_3": 0.1525,
    "mrr_at_5": 0.16188,
    "ndcg_at_1": 0.0775,
    "ndcg_at_10": 0.06445,
    "ndcg_at_100": 0.08826,
    "ndcg_at_1000": 0.13459,
    "ndcg_at_3": 0.0685,
    "ndcg_at_5": 0.06645,
    "precision_at_1": 0.11,
    "precision_at_10": 0.0555,
    "precision_at_100": 0.01987,
    "precision_at_1000": 0.00562,
    "precision_at_3": 0.08417,
    "precision_at_5": 0.0705,
    "recall_at_1": 0.01524,
    "recall_at_10": 0.04523,
    "recall_at_100": 0.137,
    "recall_at_1000": 0.3013,
    "recall_at_3": 0.02903,
    "recall_at_5": 0.03485
  }
}