{
  "dataset_revision": null,
  "mteb_dataset_name": "MSMARCO",
  "mteb_version": "1.1.0",
  "test": {
    "evaluation_time": 11235.6,
    "map_at_1": 0.00916,
    "map_at_10": 0.06263,
    "map_at_100": 0.15199,
    "map_at_1000": 0.18198,
    "map_at_3": 0.02717,
    "map_at_5": 0.04019,
    "mrr_at_1": 0.55814,
    "mrr_at_10": 0.63527,
    "mrr_at_100": 0.63911,
    "mrr_at_1000": 0.6395,
    "mrr_at_3": 0.62016,
    "mrr_at_5": 0.63527,
    "ndcg_at_1": 0.36434,
    "ndcg_at_10": 0.36014,
    "ndcg_at_100": 0.31746,
    "ndcg_at_1000": 0.39867,
    "ndcg_at_3": 0.39976,
    "ndcg_at_5": 0.38455,
    "precision_at_1": 0.55814,
    "precision_at_10": 0.44186,
    "precision_at_100": 0.18628,
    "precision_at_1000": 0.03991,
    "precision_at_3": 0.55039,
    "precision_at_5": 0.51163,
    "recall_at_1": 0.00916,
    "recall_at_10": 0.07411,
    "recall_at_100": 0.25958,
    "recall_at_1000": 0.48383,
    "recall_at_3": 0.02978,
    "recall_at_5": 0.0453
  }
}