{
  "dataset_revision": null,
  "mteb_dataset_name": "QuoraRetrieval",
  "mteb_version": "1.1.0",
  "test": {
    "evaluation_time": 270.49,
    "map_at_1": 0.61684,
    "map_at_10": 0.74918,
    "map_at_100": 0.75746,
    "map_at_1000": 0.75776,
    "map_at_3": 0.71722,
    "map_at_5": 0.73658,
    "mrr_at_1": 0.7122,
    "mrr_at_10": 0.78844,
    "mrr_at_100": 0.79117,
    "mrr_at_1000": 0.79122,
    "mrr_at_3": 0.7734,
    "mrr_at_5": 0.78299,
    "ndcg_at_1": 0.7124,
    "ndcg_at_10": 0.79691,
    "ndcg_at_100": 0.81916,
    "ndcg_at_1000": 0.82254,
    "ndcg_at_3": 0.75847,
    "ndcg_at_5": 0.77847,
    "precision_at_1": 0.7124,
    "precision_at_10": 0.1229,
    "precision_at_100": 0.01477,
    "precision_at_1000": 0.00155,
    "precision_at_3": 0.33213,
    "precision_at_5": 0.22118,
    "recall_at_1": 0.61684,
    "recall_at_10": 0.89236,
    "recall_at_100": 0.97605,
    "recall_at_1000": 0.99556,
    "recall_at_3": 0.78414,
    "recall_at_5": 0.83811
  }
}